url,source_date,page_type,sitemap_member,local_http_status,redirect_target,canonical,canonical_matches_url,meta_robots,x_robots_tag,gsc_status,indexability,owner_intent,issue_action,live_http_status,live_redirect_target,live_canonical,live_meta_robots,live_x_robots_tag
"https://www.perthroofcare.com.au/","2026-09-30","site page","yes","200","none","https://www.perthroofcare.com.au/","yes","absent","unknown (static output check)","unknown","indexable","Broad Roof Repairs Perth entry","No local technical exception found; verify production and GSC separately.","200","none","https://www.perthroofcare.com.au/","absent","absent"
"https://www.perthroofcare.com.au/services/","2026-09-30","site page","yes","200","none","https://www.perthroofcare.com.au/services/","yes","absent","unknown (static output check)","unknown","indexable","Existing route — see intent-map.csv","No local technical exception found; verify production and GSC separately.","200","none","https://www.perthroofcare.com.au/services/","absent","absent"
"https://www.perthroofcare.com.au/roof-repairs/","2026-09-30","site page","yes","200","none","https://www.perthroofcare.com.au/roof-repairs/","yes","absent","unknown (static output check)","unknown","indexable","Roof repairs diagnostic hub","No local technical exception found; verify production and GSC separately.","200","none","https://www.perthroofcare.com.au/roof-repairs/","absent","absent"
"https://www.perthroofcare.com.au/roof-leak-repairs/","2026-09-30","site page","yes","200","none","https://www.perthroofcare.com.au/roof-leak-repairs/","yes","absent","unknown (static output check)","unknown","indexable","Roof leak repairs Perth commercial intent","No local technical exception found; verify production and GSC separately.","200","none","https://www.perthroofcare.com.au/roof-leak-repairs/","absent","absent"
"https://www.perthroofcare.com.au/tile-roof-repairs/","2026-09-30","site page","yes","200","none","https://www.perthroofcare.com.au/tile-roof-repairs/","yes","absent","unknown (static output check)","unknown","indexable","Existing route — see intent-map.csv","No local technical exception found; verify production and GSC separately.","200","none","https://www.perthroofcare.com.au/tile-roof-repairs/","absent","absent"
"https://www.perthroofcare.com.au/metal-roof-repairs/","2026-09-30","site page","yes","200","none","https://www.perthroofcare.com.au/metal-roof-repairs/","yes","absent","unknown (static output check)","unknown","indexable","Existing route — see intent-map.csv","No local technical exception found; verify production and GSC separately.","200","none","https://www.perthroofcare.com.au/metal-roof-repairs/","absent","absent"
"https://www.perthroofcare.com.au/ridge-capping-repointing/","2026-09-30","site page","yes","200","none","https://www.perthroofcare.com.au/ridge-capping-repointing/","yes","absent","unknown (static output check)","unknown","indexable","Existing route — see intent-map.csv","No local technical exception found; verify production and GSC separately.","200","none","https://www.perthroofcare.com.au/ridge-capping-repointing/","absent","absent"
"https://www.perthroofcare.com.au/flashing-repairs/","2026-09-30","site page","yes","200","none","https://www.perthroofcare.com.au/flashing-repairs/","yes","absent","unknown (static output check)","unknown","indexable","Roof valleys and flashing repairs Perth commercial intent","No local technical exception found; verify production and GSC separately.","200","none","https://www.perthroofcare.com.au/flashing-repairs/","absent","absent"
"https://www.perthroofcare.com.au/gutter-repairs/","2026-09-30","site page","yes","200","none","https://www.perthroofcare.com.au/gutter-repairs/","yes","absent","unknown (static output check)","unknown","indexable","Existing route — see intent-map.csv","No local technical exception found; verify production and GSC separately.","200","none","https://www.perthroofcare.com.au/gutter-repairs/","absent","absent"
"https://www.perthroofcare.com.au/gutters-downpipes/","2026-09-30","site page","yes","200","none","https://www.perthroofcare.com.au/gutters-downpipes/","yes","absent","unknown (static output check)","unknown","indexable","Combined roof-edge drainage service","No local technical exception found; verify production and GSC separately.","200","none","https://www.perthroofcare.com.au/gutters-downpipes/","absent","absent"
"https://www.perthroofcare.com.au/downpipe-repairs/","2026-09-30","site page","yes","200","none","https://www.perthroofcare.com.au/downpipe-repairs/","yes","absent","unknown (static output check)","unknown","indexable","Downpipe repair commercial intent","No local technical exception found; verify production and GSC separately.","200","none","https://www.perthroofcare.com.au/downpipe-repairs/","absent","absent"
"https://www.perthroofcare.com.au/roof-maintenance/","2026-09-30","site page","yes","200","none","https://www.perthroofcare.com.au/roof-maintenance/","yes","absent","unknown (static output check)","unknown","indexable","Existing route — see intent-map.csv","No local technical exception found; verify production and GSC separately.","200","none","https://www.perthroofcare.com.au/roof-maintenance/","absent","absent"
"https://www.perthroofcare.com.au/storm-damage-roof-repairs/","2026-09-30","site page","yes","200","none","https://www.perthroofcare.com.au/storm-damage-roof-repairs/","yes","absent","unknown (static output check)","unknown","indexable","Existing route — see intent-map.csv","No local technical exception found; verify production and GSC separately.","200","none","https://www.perthroofcare.com.au/storm-damage-roof-repairs/","absent","absent"
"https://www.perthroofcare.com.au/roof-restoration/","2026-09-30","site page","yes","200","none","https://www.perthroofcare.com.au/roof-restoration/","yes","absent","unknown (static output check)","unknown","indexable","Existing route — see intent-map.csv","No local technical exception found; verify production and GSC separately.","200","none","https://www.perthroofcare.com.au/roof-restoration/","absent","absent"
"https://www.perthroofcare.com.au/roof-inspection/","2026-09-30","site page","yes","200","none","https://www.perthroofcare.com.au/roof-inspection/","yes","absent","unknown (static output check)","unknown","indexable","Existing route — see intent-map.csv","No local technical exception found; verify production and GSC separately.","200","none","https://www.perthroofcare.com.au/roof-inspection/","absent","absent"
"https://www.perthroofcare.com.au/repair-options/","2026-09-30","site page","yes","200","none","https://www.perthroofcare.com.au/repair-options/","yes","absent","unknown (static output check)","unknown","indexable","Existing route — see intent-map.csv","No local technical exception found; verify production and GSC separately.","200","none","https://www.perthroofcare.com.au/repair-options/","absent","absent"
"https://www.perthroofcare.com.au/service-areas/","2026-09-30","site page","yes","200","none","https://www.perthroofcare.com.au/service-areas/","yes","absent","unknown (static output check)","unknown","indexable","Existing route — see intent-map.csv","No local technical exception found; verify production and GSC separately.","200","none","https://www.perthroofcare.com.au/service-areas/","absent","absent"
"https://www.perthroofcare.com.au/gallery/","2026-09-30","site page","yes","200","none","https://www.perthroofcare.com.au/gallery/","yes","absent","unknown (static output check)","unknown","indexable","Existing route — see intent-map.csv","No local technical exception found; verify production and GSC separately.","200","none","https://www.perthroofcare.com.au/gallery/","absent","absent"
"https://www.perthroofcare.com.au/faq/","2026-09-30","site page","yes","200","none","https://www.perthroofcare.com.au/faq/","yes","absent","unknown (static output check)","unknown","indexable","Existing route — see intent-map.csv","No local technical exception found; verify production and GSC separately.","200","none","https://www.perthroofcare.com.au/faq/","absent","absent"
"https://www.perthroofcare.com.au/news/","2026-09-30","article","yes","200","none","https://www.perthroofcare.com.au/news/","yes","absent","unknown (static output check)","unknown","indexable","Existing route — see intent-map.csv","No local technical exception found; verify production and GSC separately.","200","none","https://www.perthroofcare.com.au/news/","absent","absent"
"https://www.perthroofcare.com.au/news/metal-roofing-perth/","2026-09-30","article","yes","200","none","https://www.perthroofcare.com.au/news/metal-roofing-perth/","yes","absent","unknown (static output check)","unknown","indexable","Existing route — see intent-map.csv","No local technical exception found; verify production and GSC separately.","200","none","https://www.perthroofcare.com.au/news/metal-roofing-perth/","absent","absent"
"https://www.perthroofcare.com.au/news/gutter-warning-signs/","2026-09-30","article","yes","200","none","https://www.perthroofcare.com.au/news/gutter-warning-signs/","yes","absent","unknown (static output check)","unknown","indexable","Existing route — see intent-map.csv","No local technical exception found; verify production and GSC separately.","200","none","https://www.perthroofcare.com.au/news/gutter-warning-signs/","absent","absent"
"https://www.perthroofcare.com.au/news/roof-leak-inspection/","2026-09-30","article","yes","200","none","https://www.perthroofcare.com.au/news/roof-leak-inspection/","yes","absent","unknown (static output check)","unknown","indexable","Existing route — see intent-map.csv","No local technical exception found; verify production and GSC separately.","200","none","https://www.perthroofcare.com.au/news/roof-leak-inspection/","absent","absent"
"https://www.perthroofcare.com.au/news/roof-maintenance-basics/","2026-09-30","article","yes","200","none","https://www.perthroofcare.com.au/news/roof-maintenance-basics/","yes","absent","unknown (static output check)","unknown","indexable","Existing route — see intent-map.csv","No local technical exception found; verify production and GSC separately.","200","none","https://www.perthroofcare.com.au/news/roof-maintenance-basics/","absent","absent"
"https://www.perthroofcare.com.au/news/roof-flashing-explained/","2026-09-30","article","yes","200","none","https://www.perthroofcare.com.au/news/roof-flashing-explained/","yes","absent","unknown (static output check)","unknown","indexable","Informational roof flashing explanation","No local technical exception found; verify production and GSC separately.","200","none","https://www.perthroofcare.com.au/news/roof-flashing-explained/","absent","absent"
"https://www.perthroofcare.com.au/news/drainage-after-rain/","2026-09-30","article","yes","200","none","https://www.perthroofcare.com.au/news/drainage-after-rain/","yes","absent","unknown (static output check)","unknown","indexable","Existing route — see intent-map.csv","No local technical exception found; verify production and GSC separately.","200","none","https://www.perthroofcare.com.au/news/drainage-after-rain/","absent","absent"
"https://www.perthroofcare.com.au/projects/roleystone-metal-roof-fastener-leak-repair/","2026-09-30","site page","yes","200","none","https://www.perthroofcare.com.au/projects/roleystone-metal-roof-fastener-leak-repair/","yes","absent","unknown (static output check)","unknown","indexable","Existing route — see intent-map.csv","No local technical exception found; verify production and GSC separately.","200","none","https://www.perthroofcare.com.au/projects/roleystone-metal-roof-fastener-leak-repair/","absent","absent"
"https://www.perthroofcare.com.au/projects/metal-roof-fastener-repair-sequence/","2026-09-30","site page","yes","200","none","https://www.perthroofcare.com.au/projects/metal-roof-fastener-repair-sequence/","yes","absent","unknown (static output check)","unknown","indexable","Existing route — see intent-map.csv","No local technical exception found; verify production and GSC separately.","200","none","https://www.perthroofcare.com.au/projects/metal-roof-fastener-repair-sequence/","absent","absent"
"https://www.perthroofcare.com.au/projects/wa-6121-tile-roof-valley-gutter-cleaning/","2026-09-30","site page","yes","200","none","https://www.perthroofcare.com.au/projects/wa-6121-tile-roof-valley-gutter-cleaning/","yes","absent","unknown (static output check)","unknown","indexable","Existing route — see intent-map.csv","No local technical exception found; verify production and GSC separately.","200","none","https://www.perthroofcare.com.au/projects/wa-6121-tile-roof-valley-gutter-cleaning/","absent","absent"
"https://www.perthroofcare.com.au/about/","2026-09-30","site page","yes","200","none","https://www.perthroofcare.com.au/about/","yes","absent","unknown (static output check)","unknown","indexable","Existing route — see intent-map.csv","No local technical exception found; verify production and GSC separately.","200","none","https://www.perthroofcare.com.au/about/","absent","absent"
"https://www.perthroofcare.com.au/contact/","2026-09-30","site page","yes","200","none","https://www.perthroofcare.com.au/contact/","yes","absent","unknown (static output check)","unknown","indexable","Existing route — see intent-map.csv","No local technical exception found; verify production and GSC separately.","200","none","https://www.perthroofcare.com.au/contact/","absent","absent"
"https://www.perthroofcare.com.au/privacy/","2026-09-30","site page","yes","200","none","https://www.perthroofcare.com.au/privacy/","yes","absent","unknown (static output check)","unknown","indexable","Existing route — see intent-map.csv","No local technical exception found; verify production and GSC separately.","200","none","https://www.perthroofcare.com.au/privacy/","absent","absent"
"https://www.perthroofcare.com.au/legal/","2026-09-30","site page","yes","200","none","https://www.perthroofcare.com.au/legal/","yes","absent","unknown (static output check)","unknown","indexable","Existing route — see intent-map.csv","No local technical exception found; verify production and GSC separately.","200","none","https://www.perthroofcare.com.au/legal/","absent","absent"
"https://www.perthroofcare.com.au/areas/cottesloe-roof-repairs/","2026-09-30","area service","yes","200","none","https://www.perthroofcare.com.au/areas/cottesloe-roof-repairs/","yes","absent","unknown (static output check)","unknown","indexable","Existing route — see intent-map.csv","No local technical exception found; verify production and GSC separately.","200","none","https://www.perthroofcare.com.au/areas/cottesloe-roof-repairs/","absent","absent"
"https://www.perthroofcare.com.au/areas/mosman-park-roof-repairs/","2026-09-30","area service","yes","200","none","https://www.perthroofcare.com.au/areas/mosman-park-roof-repairs/","yes","absent","unknown (static output check)","unknown","indexable","Existing route — see intent-map.csv","No local technical exception found; verify production and GSC separately.","200","none","https://www.perthroofcare.com.au/areas/mosman-park-roof-repairs/","absent","absent"
"https://www.perthroofcare.com.au/areas/city-beach-roof-repairs/","2026-09-30","area service","yes","200","none","https://www.perthroofcare.com.au/areas/city-beach-roof-repairs/","yes","absent","unknown (static output check)","unknown","indexable","Existing route — see intent-map.csv","No local technical exception found; verify production and GSC separately.","200","none","https://www.perthroofcare.com.au/areas/city-beach-roof-repairs/","absent","absent"
"https://www.perthroofcare.com.au/areas/scarborough-roof-repairs/","2026-09-30","area service","yes","200","none","https://www.perthroofcare.com.au/areas/scarborough-roof-repairs/","yes","absent","unknown (static output check)","unknown","indexable","Existing route — see intent-map.csv","No local technical exception found; verify production and GSC separately.","200","none","https://www.perthroofcare.com.au/areas/scarborough-roof-repairs/","absent","absent"
"https://www.perthroofcare.com.au/areas/claremont-roof-repairs/","2026-09-30","area service","yes","200","none","https://www.perthroofcare.com.au/areas/claremont-roof-repairs/","yes","absent","unknown (static output check)","unknown","indexable","Existing route — see intent-map.csv","No local technical exception found; verify production and GSC separately.","200","none","https://www.perthroofcare.com.au/areas/claremont-roof-repairs/","absent","absent"
"https://www.perthroofcare.com.au/areas/nedlands-roof-repairs/","2026-09-30","area service","yes","200","none","https://www.perthroofcare.com.au/areas/nedlands-roof-repairs/","yes","absent","unknown (static output check)","unknown","indexable","Existing route — see intent-map.csv","No local technical exception found; verify production and GSC separately.","200","none","https://www.perthroofcare.com.au/areas/nedlands-roof-repairs/","absent","absent"
"https://www.perthroofcare.com.au/areas/subiaco-roof-repairs/","2026-09-30","area service","yes","200","none","https://www.perthroofcare.com.au/areas/subiaco-roof-repairs/","yes","absent","unknown (static output check)","unknown","indexable","Existing route — see intent-map.csv","No local technical exception found; verify production and GSC separately.","200","none","https://www.perthroofcare.com.au/areas/subiaco-roof-repairs/","absent","absent"
"https://www.perthroofcare.com.au/areas/perth-roof-repairs/","2026-09-30","area service","yes","200","none","https://www.perthroofcare.com.au/areas/perth-roof-repairs/","yes","absent","unknown (static output check)","unknown","indexable","Existing route — see intent-map.csv","No local technical exception found; verify production and GSC separately.","200","none","https://www.perthroofcare.com.au/areas/perth-roof-repairs/","absent","absent"
"https://www.perthroofcare.com.au/areas/leederville-roof-repairs/","2026-09-30","area service","yes","200","none","https://www.perthroofcare.com.au/areas/leederville-roof-repairs/","yes","absent","unknown (static output check)","unknown","indexable","Existing route — see intent-map.csv","No local technical exception found; verify production and GSC separately.","200","none","https://www.perthroofcare.com.au/areas/leederville-roof-repairs/","absent","absent"
"https://www.perthroofcare.com.au/areas/joondalup-roof-repairs/","2026-09-30","area service","yes","200","none","https://www.perthroofcare.com.au/areas/joondalup-roof-repairs/","yes","absent","unknown (static output check)","unknown","indexable","Existing route — see intent-map.csv","No local technical exception found; verify production and GSC separately.","200","none","https://www.perthroofcare.com.au/areas/joondalup-roof-repairs/","absent","absent"
"https://www.perthroofcare.com.au/areas/hillarys-roof-repairs/","2026-09-30","area service","yes","200","none","https://www.perthroofcare.com.au/areas/hillarys-roof-repairs/","yes","absent","unknown (static output check)","unknown","indexable","Existing route — see intent-map.csv","No local technical exception found; verify production and GSC separately.","200","none","https://www.perthroofcare.com.au/areas/hillarys-roof-repairs/","absent","absent"
"https://www.perthroofcare.com.au/areas/fremantle-roof-repairs/","2026-09-30","area service","yes","200","none","https://www.perthroofcare.com.au/areas/fremantle-roof-repairs/","yes","absent","unknown (static output check)","unknown","indexable","Existing route — see intent-map.csv","No local technical exception found; verify production and GSC separately.","200","none","https://www.perthroofcare.com.au/areas/fremantle-roof-repairs/","absent","absent"
"https://www.perthroofcare.com.au/areas/rockingham-roof-repairs/","2026-09-30","area service","yes","200","none","https://www.perthroofcare.com.au/areas/rockingham-roof-repairs/","yes","absent","unknown (static output check)","unknown","indexable","Existing route — see intent-map.csv","No local technical exception found; verify production and GSC separately.","200","none","https://www.perthroofcare.com.au/areas/rockingham-roof-repairs/","absent","absent"
"https://www.perthroofcare.com.au/areas/kalamunda-roof-repairs/","2026-09-30","area service","yes","200","none","https://www.perthroofcare.com.au/areas/kalamunda-roof-repairs/","yes","absent","unknown (static output check)","unknown","indexable","Existing route — see intent-map.csv","No local technical exception found; verify production and GSC separately.","200","none","https://www.perthroofcare.com.au/areas/kalamunda-roof-repairs/","absent","absent"
"https://www.perthroofcare.com.au/areas/victoria-park-roof-repairs/","2026-09-30","area service","yes","200","none","https://www.perthroofcare.com.au/areas/victoria-park-roof-repairs/","yes","absent","unknown (static output check)","unknown","indexable","Existing route — see intent-map.csv","No local technical exception found; verify production and GSC separately.","200","none","https://www.perthroofcare.com.au/areas/victoria-park-roof-repairs/","absent","absent"
"https://www.perthroofcare.com.au/areas/bayswater-roof-repairs/","2026-09-30","area service","yes","200","none","https://www.perthroofcare.com.au/areas/bayswater-roof-repairs/","yes","absent","unknown (static output check)","unknown","indexable","Existing route — see intent-map.csv","No local technical exception found; verify production and GSC separately.","200","none","https://www.perthroofcare.com.au/areas/bayswater-roof-repairs/","absent","absent"
"https://www.perthroofcare.com.au/news/roof-leak-detection-perth/","2026-09-30","article","yes","200","none","https://www.perthroofcare.com.au/news/roof-leak-detection-perth/","yes","absent","unknown (static output check)","unknown","indexable","Existing route — see intent-map.csv","No local technical exception found; verify production and GSC separately.","200","none","https://www.perthroofcare.com.au/news/roof-leak-detection-perth/","absent","absent"
"https://www.perthroofcare.com.au/news/tile-roof-repairs-perth-guide/","2026-09-30","article","yes","200","none","https://www.perthroofcare.com.au/news/tile-roof-repairs-perth-guide/","yes","absent","unknown (static output check)","unknown","indexable","Existing route — see intent-map.csv","No local technical exception found; verify production and GSC separately.","200","none","https://www.perthroofcare.com.au/news/tile-roof-repairs-perth-guide/","absent","absent"
"https://www.perthroofcare.com.au/news/metal-roof-repairs-perth-guide/","2026-09-30","article","yes","200","none","https://www.perthroofcare.com.au/news/metal-roof-repairs-perth-guide/","yes","absent","unknown (static output check)","unknown","indexable","Existing route — see intent-map.csv","No local technical exception found; verify production and GSC separately.","200","none","https://www.perthroofcare.com.au/news/metal-roof-repairs-perth-guide/","absent","absent"
"https://www.perthroofcare.com.au/news/ridge-capping-repairs-perth-guide/","2026-09-30","article","yes","200","none","https://www.perthroofcare.com.au/news/ridge-capping-repairs-perth-guide/","yes","absent","unknown (static output check)","unknown","indexable","Existing route — see intent-map.csv","No local technical exception found; verify production and GSC separately.","200","none","https://www.perthroofcare.com.au/news/ridge-capping-repairs-perth-guide/","absent","absent"
"https://www.perthroofcare.com.au/news/roof-valleys-flashing-repairs-perth/","2026-09-30","article","yes","200","none","https://www.perthroofcare.com.au/news/roof-valleys-flashing-repairs-perth/","yes","absent","unknown (static output check)","unknown","indexable","Existing route — see intent-map.csv","No local technical exception found; verify production and GSC separately.","200","none","https://www.perthroofcare.com.au/news/roof-valleys-flashing-repairs-perth/","absent","absent"
"https://www.perthroofcare.com.au/news/roof-inspection-perth-guide/","2026-09-30","article","yes","200","none","https://www.perthroofcare.com.au/news/roof-inspection-perth-guide/","yes","absent","unknown (static output check)","unknown","indexable","Existing route — see intent-map.csv","No local technical exception found; verify production and GSC separately.","200","none","https://www.perthroofcare.com.au/news/roof-inspection-perth-guide/","absent","absent"
